spend_id,campaign_id,campaign_name,channel,objective,date,cost,clicks,impressions,conversions,attributed_revenue
SPEND-000001,15,Campaign_15,Twitter,Sales,2024-03-17,3721.91,881,51393,30,3210.73
SPEND-000002,7,Campaign_7,TikTok,App Install,2024-09-08,2239.59,360,69673,8,998.84
SPEND-000003,20,Campaign_20,Google Ads,App Install,2024-07-09,808.13,625,11139,27,4117.28
SPEND-000004,7,Campaign_7,Google Ads,App Install,2024-06-09,1831.0,264,36932,10,1847.68
SPEND-000005,1,Campaign_1,TikTok,Sales,2024-10-15,1295.96,76,92433,2,340.03
SPEND-000006,12,Campaign_12,Twitter,Lead Generation,2024-01-11,2505.69,466,95919,21,1331.8
SPEND-000007,9,Campaign_9,LinkedIn,Lead Generation,2024-05-13,2444.8,234,23091,10,1467.51
SPEND-000008,2,Campaign_2,Twitter,Brand Awareness,2024-07-05,335.09,102,30960,3,221.44
SPEND-000009,9,Campaign_9,Facebook,Lead Generation,2024-09-25,4666.85,162,60388,3,536.33
SPEND-000010,8,Campaign_8,Twitter,Lead Generation,2024-06-08,916.48,247,9752,11,1574.56
SPEND-000011,10,Campaign_10,Instagram,Brand Awareness,2024-08-28,4715.88,251,23010,2,388.4
SPEND-000012,3,Campaign_3,Facebook,Lead Generation,2024-05-17,4104.72,556,24426,8,955.04
SPEND-000013,5,Campaign_5,Instagram,Brand Awareness,2024-04-05,1303.67,343,2146,15,2474.29
SPEND-000014,17,Campaign_17,Instagram,Sales,2024-01-30,2029.65,59,22889,1,176.98
SPEND-000015,19,Campaign_19,LinkedIn,Brand Awareness,2024-08-24,1304.37,737,23956,10,872.32
SPEND-000016,3,Campaign_3,Twitter,App Install,2024-03-10,102.81,551,61394,23,3487.46
SPEND-000017,17,Campaign_17,Twitter,Sales,2024-11-27,4722.1,815,47391,27,4259.34
SPEND-000018,17,Campaign_17,Twitter,Sales,2024-03-26,2565.45,139,66500,5,405.17
SPEND-000019,10,Campaign_10,Facebook,Brand Awareness,2024-11-05,4530.41,394,51144,8,428.65
SPEND-000020,7,Campaign_7,Twitter,Sales,2024-11-22,3776.7,895,59974,30,4914.4
SPEND-000021,13,Campaign_13,Google Ads,App Install,2024-03-13,180.25,935,30762,25,3075.41
SPEND-000022,12,Campaign_12,Google Ads,Sales,2024-08-25,739.03,261,7730,12,2214.67
SPEND-000023,12,Campaign_12,Facebook,Sales,2024-06-28,2378.94,918,51666,33,3795.24
SPEND-000024,17,Campaign_17,Instagram,Lead Generation,2024-09-01,298.57,79,63843,1,79.02
SPEND-000025,1,Campaign_1,Facebook,Sales,2024-03-15,3747.25,286,74608,3,379.28
SPEND-000026,1,Campaign_1,Twitter,Brand Awareness,2024-07-25,1736.8,481,81337,11,1088.8
SPEND-000027,15,Campaign_15,Twitter,Brand Awareness,2024-08-09,3841.83,692,5739,28,4460.39
SPEND-000028,5,Campaign_5,Twitter,Lead Generation,2024-06-18,3337.02,759,58653,29,2611.91
SPEND-000029,3,Campaign_3,Instagram,App Install,2024-07-15,1451.22,52,29866,0,0.0
SPEND-000030,19,Campaign_19,Google Ads,Brand Awareness,2024-08-01,4017.41,447,20876,14,1235.81
SPEND-000031,3,Campaign_3,Google Ads,App Install,2024-01-20,1400.99,815,64263,10,1202.46
SPEND-000032,4,Campaign_4,Facebook,Sales,2024-12-08,2352.07,641,45923,25,2645.44
SPEND-000033,19,Campaign_19,Instagram,Sales,2024-10-07,4456.93,348,98270,12,1187.76
SPEND-000034,20,Campaign_20,Google Ads,App Install,2024-04-25,4093.17,504,57868,10,1909.91
SPEND-000035,2,Campaign_2,Instagram,Lead Generation,2024-06-02,4028.2,119,34769,5,666.26
SPEND-000036,8,Campaign_8,Twitter,Sales,2024-03-19,4637.65,565,92407,17,1902.24
SPEND-000037,10,Campaign_10,Facebook,Brand Awareness,2024-05-04,895.98,981,64068,46,2757.61
SPEND-000038,14,Campaign_14,Twitter,App Install,2024-08-09,854.83,41,63019,0,0.0
SPEND-000039,16,Campaign_16,Twitter,Sales,2024-10-28,1148.74,879,57374,17,1470.25
SPEND-000040,6,Campaign_6,Instagram,Brand Awareness,2024-06-16,6949.897321081784,113,11863,1,169.43
SPEND-000041,5,Campaign_5,Facebook,Sales,2024-01-02,2408.92,146,5284,3,529.61
SPEND-000042,19,Campaign_19,Facebook,Lead Generation,2024-01-21,1418.2969257555392,348,41601,2,797.79
SPEND-000043,6,Campaign_6,Twitter,Sales,2024-09-08,626.94,308,78774,10,1289.13
SPEND-000044,5,Campaign_5,Facebook,Brand Awareness,2024-08-24,7398.387061402541,171,35076,5,929.95
SPEND-000045,13,Campaign_13,LinkedIn,App Install,2024-12-06,897.75,839,62952,23,4433.38
SPEND-000046,14,Campaign_14,Google Ads,Lead Generation,2024-06-07,5343.4751198513195,256,28596,7,1088.4
SPEND-000047,4,Campaign_4,Twitter,App Install,2024-03-05,831.7,299,10626,12,1837.91
SPEND-000048,14,Campaign_14,Twitter,Lead Generation,2024-03-03,4656.38,975,88591,35,5579.25
SPEND-000049,16,Campaign_16,TikTok,Sales,2024-01-18,1884.63,206,52222,4,229.35
SPEND-000050,13,Campaign_13,Google Ads,Sales,2024-09-11,2371.17,812,53099,31,3054.65
SPEND-000051,14,Campaign_14,TikTok,Lead Generation,2024-06-10,4794.52,590,99502,26,2017.45
SPEND-000052,9,Campaign_9,Twitter,App Install,2024-02-17,2485.78,161,44850,1,71.05
SPEND-000053,9,Campaign_9,Google Ads,Sales,2024-04-02,2147.56,656,2209,16,1623.11
SPEND-000054,1,Campaign_1,Facebook,Sales,2024-09-04,3880.68,216,66677,3,299.63
SPEND-000055,17,Campaign_17,Twitter,Brand Awareness,2024-09-27,4968.79,958,81276,33,3802.94
SPEND-000056,15,Campaign_15,TikTok,Brand Awareness,2024-10-29,6629.6110748016445,783,71620,25,2038.8
SPEND-000057,16,Campaign_16,Twitter,App Install,2024-08-25,4579.12,595,80791,11,1070.05
SPEND-000058,9,Campaign_9,LinkedIn,Lead Generation,2024-11-29,4275.61,694,31077,32,2819.88
SPEND-000059,2,Campaign_2,Google Ads,App Install,2024-08-18,1271.0,450,1294,5,307.08
SPEND-000060,1,Campaign_1,Instagram,Sales,2024-11-23,3961.17,689,79675,8,1586.64
SPEND-000061,4,Campaign_4,Google Ads,Brand Awareness,2024-07-18,2847.7,191,44068,6,480.23
SPEND-000062,11,Campaign_11,TikTok,Sales,2024-05-05,4738.23,111,3711,1,162.41
SPEND-000063,9,Campaign_9,Twitter,Sales,2024-03-23,4539.18,756,27750,12,775.69
SPEND-000064,18,Campaign_18,TikTok,Sales,2024-10-07,6007.87640613637,169,10991,7,1245.68
SPEND-000065,6,Campaign_6,Facebook,App Install,2024-08-19,1753.9,794,66596,34,4426.42
SPEND-000066,20,Campaign_20,LinkedIn,Sales,2024-02-12,1845.67,371,13062,6,1025.94
SPEND-000067,1,Campaign_1,Instagram,Lead Generation,2024-02-14,4961.4,159,22271,3,384.94
SPEND-000068,16,Campaign_16,TikTok,App Install,2024-06-28,245.97,821,52023,33,2162.67
SPEND-000069,7,Campaign_7,Google Ads,Lead Generation,2024-04-07,3143.27,802,64363,26,4019.68
SPEND-000070,16,Campaign_16,Instagram,Brand Awareness,2024-08-22,1997.65,387,85217,6,337.77
SPEND-000071,19,Campaign_19,LinkedIn,Lead Generation,2024-01-09,9744.523259098,674,49829,12,2436.9
SPEND-000072,4,Campaign_4,Instagram,Sales,2024-09-23,2850.92,617,16269,9,1117.37
SPEND-000073,4,Campaign_4,Instagram,Brand Awareness,2024-01-17,3952.12,334,84634,6,783.37
SPEND-000074,4,Campaign_4,Facebook,Sales,2024-06-02,3357.64,722,18946,14,1497.12
SPEND-000075,14,Campaign_14,Facebook,Brand Awareness,2024-09-28,3629.053430112038,325,66311,7,1332.37
SPEND-000076,5,Campaign_5,Instagram,Sales,2024-11-04,3037.78,381,14123,5,980.98
SPEND-000077,4,Campaign_4,Google Ads,Brand Awareness,2024-10-22,1140.32,247,11333,2,193.45
SPEND-000078,18,Campaign_18,Instagram,Brand Awareness,2024-12-19,2775.72,683,73399,14,2580.18
SPEND-000079,10,Campaign_10,Twitter,Brand Awareness,2024-02-17,3323.7,768,36264,9,542.81
SPEND-000080,4,Campaign_4,Twitter,Lead Generation,2024-01-22,2399.19,425,48333,13,1165.35
SPEND-000081,3,Campaign_3,LinkedIn,Lead Generation,2024-03-27,1840.6578005837048,727,75581,31,4628.03
SPEND-000082,17,Campaign_17,Google Ads,Lead Generation,2024-07-27,125.9,906,69547,18,3045.58
SPEND-000083,16,Campaign_16,Instagram,Sales,2024-05-01,390.92,637,28657,23,1814.03
SPEND-000084,5,Campaign_5,Twitter,App Install,2024-10-29,2116.56,304,76803,6,854.75
SPEND-000085,9,Campaign_9,TikTok,Lead Generation,2024-11-05,2538.62,425,16022,14,2268.25
SPEND-000086,19,Campaign_19,Facebook,Lead Generation,2024-12-09,2121.3783877891256,51,94201,1,0.0
SPEND-000087,9,Campaign_9,Facebook,Sales,2024-10-21,113.81,744,28551,10,1544.34
SPEND-000088,7,Campaign_7,Twitter,App Install,2024-03-14,820.24,814,85929,12,1263.76
SPEND-000089,17,Campaign_17,TikTok,Lead Generation,2024-05-20,2272.72,888,27417,31,2511.53
SPEND-000090,16,Campaign_16,Twitter,Brand Awareness,2024-05-20,2243.51,13,34044,0,0.0
SPEND-000091,15,Campaign_15,Instagram,Brand Awareness,2024-05-28,1098.82,912,15472,19,1757.82
SPEND-000092,16,Campaign_16,Instagram,Sales,2024-02-03,2973.77,320,46592,11,1291.42
SPEND-000093,16,Campaign_16,Twitter,App Install,2024-05-18,886.25,458,29909,21,1104.01
SPEND-000094,13,Campaign_13,Google Ads,Brand Awareness,2024-10-09,2597.52,122,19965,2,211.25
SPEND-000095,9,Campaign_9,TikTok,Lead Generation,2024-09-21,4017.36,423,98832,4,540.29
SPEND-000096,10,Campaign_10,LinkedIn,Lead Generation,2024-05-05,3812.91,963,88614,31,4403.21
SPEND-000097,16,Campaign_16,Instagram,Sales,2024-01-02,830.57,345,3565,14,2316.34
SPEND-000098,1,Campaign_1,Twitter,Sales,2024-04-09,1018.12,323,97025,12,1364.73
SPEND-000099,19,Campaign_19,Google Ads,Lead Generation,2024-11-17,2069.57,588,79849,19,1223.86
SPEND-000100,8,Campaign_8,LinkedIn,App Install,2024-01-24,4303.2,492,47777,19,2467.59
SPEND-000101,18,Campaign_18,Facebook,Brand Awareness,2024-12-19,1042.4577438269444,927,75076,12,1562.54
SPEND-000102,4,Campaign_4,TikTok,App Install,2024-10-07,4263.6847489873735,236,18789,10,744.94
SPEND-000103,4,Campaign_4,LinkedIn,Brand Awareness,2024-11-25,2984.27,924,59961,16,1617.95
SPEND-000104,3,Campaign_3,LinkedIn,Lead Generation,2024-11-02,2730.77,970,83458,39,2208.4
SPEND-000105,1,Campaign_1,Twitter,Sales,2024-04-20,3999.04,112,44351,1,137.43
SPEND-000106,1,Campaign_1,Twitter,Brand Awareness,2024-12-22,2979.5782259409625,781,47779,19,3242.21
SPEND-000107,9,Campaign_9,Google Ads,Lead Generation,2024-03-29,4129.34,765,31699,9,692.18
SPEND-000108,5,Campaign_5,LinkedIn,Lead Generation,2024-08-23,400.25,241,59912,8,437.79
SPEND-000109,12,Campaign_12,TikTok,App Install,2024-06-02,4190.26,167,57599,6,1050.26
SPEND-000110,1,Campaign_1,Google Ads,App Install,2024-07-10,472.49972387935696,710,23950,17,3504.66
SPEND-000111,4,Campaign_4,Twitter,Sales,2024-04-27,3528.47,282,22782,10,1570.58
SPEND-000112,15,Campaign_15,Google Ads,App Install,2024-10-31,2710.95,230,75356,11,1251.06
SPEND-000113,9,Campaign_9,LinkedIn,App Install,2024-05-13,3070.78,827,97130,33,1749.14
SPEND-000114,18,Campaign_18,Twitter,Brand Awareness,2024-02-16,4386.15,825,16118,31,5738.86
SPEND-000115,18,Campaign_18,Twitter,Lead Generation,2024-07-21,4555.73,739,77108,29,2038.2
SPEND-000116,5,Campaign_5,Google Ads,Sales,2024-01-26,2591.24,566,80547,25,2155.61
SPEND-000117,17,Campaign_17,Instagram,Lead Generation,2024-02-17,1372.33,572,44525,8,613.97
SPEND-000118,5,Campaign_5,Google Ads,Brand Awareness,2024-12-23,3217.62,161,68889,5,303.58
SPEND-000119,11,Campaign_11,Twitter,Brand Awareness,2024-03-25,8587.195676698884,40,45260,1,0.0
SPEND-000120,3,Campaign_3,LinkedIn,Brand Awareness,2024-03-25,3812.04,609,84498,8,1225.55
SPEND-000121,15,Campaign_15,Instagram,Sales,2024-11-27,1920.54,776,83686,37,1993.42
SPEND-000122,11,Campaign_11,Twitter,Lead Generation,2024-12-10,664.27,671,67062,14,1313.49
SPEND-000123,20,Campaign_20,TikTok,Sales,2024-10-22,2746.07,512,38641,15,2477.97
SPEND-000124,17,Campaign_17,Instagram,Lead Generation,2024-01-22,2578.8571794518352,51,62456,1,120.1
SPEND-000125,13,Campaign_13,LinkedIn,Brand Awareness,2024-11-21,1773.3,751,48378,23,2978.62
SPEND-000126,8,Campaign_8,Twitter,App Install,2024-03-17,7877.914326933829,243,68067,7,1265.22
SPEND-000127,2,Campaign_2,Instagram,App Install,2024-12-31,292.94,64,62573,1,86.06
SPEND-000128,20,Campaign_20,LinkedIn,Brand Awareness,2024-01-09,3884.6,985,84393,46,8680.03
SPEND-000129,2,Campaign_2,LinkedIn,Brand Awareness,2024-01-25,4647.88,268,52337,11,755.04
SPEND-000130,9,Campaign_9,TikTok,Lead Generation,2024-05-12,4814.55,191,85381,6,726.28
SPEND-000131,17,Campaign_17,Google Ads,Brand Awareness,2024-07-12,3619.09,551,25600,19,2089.17
SPEND-000132,5,Campaign_5,TikTok,Sales,2024-07-23,3133.47,753,39686,12,1628.56
SPEND-000133,14,Campaign_14,LinkedIn,App Install,2024-03-22,201.48,784,56023,30,3157.15
SPEND-000134,7,Campaign_7,Facebook,App Install,2024-06-07,4807.79,94,34010,2,112.23
SPEND-000135,6,Campaign_6,LinkedIn,Sales,2024-07-10,3812.52,201,6546,5,421.81
SPEND-000136,18,Campaign_18,TikTok,Sales,2024-04-05,1539.78,33,96583,1,120.47
SPEND-000137,10,Campaign_10,Instagram,Brand Awareness,2024-10-21,4803.86,527,70514,24,1280.97
SPEND-000138,12,Campaign_12,Google Ads,Lead Generation,2024-10-11,3517.29,192,68993,8,730.52
SPEND-000139,15,Campaign_15,Instagram,Lead Generation,2024-12-22,1115.9484042561155,358,91211,2,612.1
SPEND-000140,7,Campaign_7,LinkedIn,Lead Generation,2024-04-09,4159.78,611,34779,13,2032.31
SPEND-000141,5,Campaign_5,Facebook,Brand Awareness,2024-02-16,563.42,475,79624,14,2214.63
SPEND-000142,20,Campaign_20,Google Ads,Sales,2024-05-03,3007.26,705,83689,12,990.21
SPEND-000143,8,Campaign_8,Facebook,App Install,2024-07-27,4288.59,88,95812,4,750.88
SPEND-000144,11,Campaign_11,Twitter,Brand Awareness,2024-02-18,2362.39,888,66625,23,3056.3
SPEND-000145,1,Campaign_1,Google Ads,Lead Generation,2024-04-16,4119.71,610,4853,8,1334.36
SPEND-000146,20,Campaign_20,Instagram,Sales,2024-01-07,1297.49,351,50452,10,1554.26
SPEND-000147,20,Campaign_20,Facebook,Lead Generation,2024-07-31,4591.69,706,82403,13,1367.41
SPEND-000148,2,Campaign_2,Facebook,Sales,2024-06-08,3058.09,901,17144,27,4476.06
SPEND-000149,8,Campaign_8,Google Ads,Lead Generation,2024-07-22,2696.45,868,45951,9,638.05
SPEND-000150,6,Campaign_6,TikTok,Sales,2024-03-21,4713.84,626,80504,18,1098.45
SPEND-000151,11,Campaign_11,Twitter,App Install,2024-02-09,551.9,722,5781,28,4469.05
SPEND-000152,2,Campaign_2,LinkedIn,Brand Awareness,2024-11-18,204.15,253,45235,7,765.27
SPEND-000153,17,Campaign_17,TikTok,Lead Generation,2024-02-19,1200.5316267412704,446,17880,21,948.52
SPEND-000154,12,Campaign_12,Twitter,App Install,2024-07-22,4434.24,847,12584,37,2001.35
SPEND-000155,3,Campaign_3,LinkedIn,App Install,2024-04-18,589.73,796,24004,14,2584.74
SPEND-000156,17,Campaign_17,Instagram,Lead Generation,2024-04-03,2237.58,507,15257,17,2087.44
SPEND-000157,20,Campaign_20,Google Ads,Brand Awareness,2024-09-25,4173.82,777,39063,37,2492.85
SPEND-000158,17,Campaign_17,Twitter,Lead Generation,2024-04-09,1778.79,498,32119,22,4111.99
SPEND-000159,14,Campaign_14,Facebook,App Install,2024-04-18,1245.36,639,50060,24,1392.24
SPEND-000160,1,Campaign_1,Instagram,Lead Generation,2024-01-25,2586.26,604,74985,23,3921.34
SPEND-000161,1,Campaign_1,TikTok,App Install,2024-08-19,4960.28,836,77401,13,2124.63
SPEND-000162,20,Campaign_20,Instagram,App Install,2024-07-11,4360.94,313,87084,13,1901.41
SPEND-000163,3,Campaign_3,Instagram,Sales,2024-05-31,811.39,603,48996,15,2891.85
SPEND-000164,19,Campaign_19,Facebook,Lead Generation,2024-05-30,204.24,918,66593,20,2856.35
SPEND-000165,6,Campaign_6,Google Ads,Brand Awareness,2024-02-25,1006.28,311,30232,12,1997.28
SPEND-000166,14,Campaign_14,Instagram,App Install,2024-12-24,212.51,494,74126,8,1168.29
SPEND-000167,1,Campaign_1,TikTok,Lead Generation,2024-08-14,952.18,326,29299,10,1992.04
SPEND-000168,11,Campaign_11,TikTok,Brand Awareness,2024-12-05,3051.76,675,48422,13,2502.63
SPEND-000169,10,Campaign_10,Facebook,App Install,2024-06-25,4804.1,130,87977,6,1112.02
SPEND-000170,11,Campaign_11,Facebook,App Install,2024-10-08,4042.47,425,20299,14,1453.32
SPEND-000171,9,Campaign_9,Facebook,Brand Awareness,2024-10-08,1973.93,362,50584,9,548.29
SPEND-000172,18,Campaign_18,Twitter,Sales,2024-08-06,581.44,913,90872,14,1099.6
SPEND-000173,4,Campaign_4,LinkedIn,Sales,2024-04-08,3908.37,564,53254,9,1243.28
SPEND-000174,2,Campaign_2,Facebook,App Install,2024-03-25,2444.24,11,30325,0,0.0
SPEND-000175,13,Campaign_13,Facebook,Sales,2024-01-29,672.24,525,51749,9,559.64
SPEND-000176,1,Campaign_1,Facebook,Brand Awareness,2024-02-03,1938.44,636,8338,22,1364.34
SPEND-000177,11,Campaign_11,Facebook,App Install,2024-08-20,2098.18,893,24224,31,2460.93
SPEND-000178,14,Campaign_14,TikTok,App Install,2024-03-14,346.47,235,49281,8,724.15
SPEND-000179,15,Campaign_15,Instagram,App Install,2024-05-24,2014.62,741,8626,35,6398.54
SPEND-000180,5,Campaign_5,Instagram,App Install,2024-03-11,1788.3,827,73805,11,1989.54
SPEND-000181,13,Campaign_13,Facebook,Sales,2024-03-23,2870.56,78,79878,3,268.6
SPEND-000182,3,Campaign_3,Google Ads,Lead Generation,2024-04-11,1093.07,101,31423,4,772.52
SPEND-000183,7,Campaign_7,LinkedIn,Lead Generation,2024-07-24,632.7,959,72393,12,619.15
SPEND-000184,4,Campaign_4,Facebook,Sales,2024-11-04,900.58,125,50785,2,226.57
SPEND-000185,5,Campaign_5,Twitter,Sales,2024-09-10,6944.911139154808,395,46215,3,413.69
SPEND-000186,19,Campaign_19,Facebook,Brand Awareness,2024-03-27,4336.33,58,43339,0,0.0
SPEND-000187,14,Campaign_14,LinkedIn,App Install,2024-05-25,4975.15,472,31999,8,700.15
SPEND-000188,18,Campaign_18,Facebook,Brand Awareness,2024-03-13,4534.71,819,98113,24,3048.21
SPEND-000189,1,Campaign_1,Google Ads,Lead Generation,2024-11-23,552.12,925,65431,39,5087.03
SPEND-000190,9,Campaign_9,Instagram,App Install,2024-08-02,940.94,358,72581,14,1731.74
SPEND-000191,8,Campaign_8,Twitter,Sales,2024-04-28,4386.19,258,71694,11,1949.33
SPEND-000192,14,Campaign_14,Facebook,App Install,2024-06-22,1221.65,470,99339,22,1175.63
SPEND-000193,13,Campaign_13,TikTok,App Install,2024-03-01,2322.51,72,92765,1,190.73
SPEND-000194,17,Campaign_17,Google Ads,Lead Generation,2024-01-08,1888.92,395,1295,12,751.83
SPEND-000195,8,Campaign_8,TikTok,Brand Awareness,2024-06-27,1706.66,98,21868,4,607.25
SPEND-000196,11,Campaign_11,Instagram,Brand Awareness,2024-08-17,11620.845727726975,281,91013,8,507.86
SPEND-000197,19,Campaign_19,Google Ads,Sales,2024-06-16,2882.55,783,60863,26,1453.8
SPEND-000198,8,Campaign_8,Twitter,Brand Awareness,2024-11-15,3083.91,812,38854,25,1310.62
SPEND-000199,11,Campaign_11,Facebook,Sales,2024-11-05,3489.79,688,31120,30,3449.18
SPEND-000200,17,Campaign_17,LinkedIn,Brand Awareness,2024-11-27,736.94,355,80376,15,2121.89
SPEND-000201,3,Campaign_3,LinkedIn,App Install,2024-06-26,2314.13,529,72524,14,2401.54
SPEND-000202,3,Campaign_3,LinkedIn,Lead Generation,2024-04-01,1252.88,421,72299,11,1338.04
SPEND-000203,1,Campaign_1,Instagram,App Install,2024-08-19,1447.01,996,11222,34,5368.98
SPEND-000204,16,Campaign_16,Instagram,App Install,2024-09-29,2513.11,163,72037,7,953.32
SPEND-000205,5,Campaign_5,Google Ads,Sales,2024-06-12,2628.97,515,26710,25,1393.17
SPEND-000206,17,Campaign_17,Facebook,Brand Awareness,2024-07-23,3253.39,650,90435,27,2843.16
SPEND-000207,12,Campaign_12,Twitter,Lead Generation,2024-07-14,3665.67,712,44499,20,1114.95
SPEND-000208,9,Campaign_9,Instagram,App Install,2024-03-31,3914.06,882,45909,22,1928.98
SPEND-000209,15,Campaign_15,Instagram,Lead Generation,2024-07-20,1060.93,856,47271,36,3388.48
SPEND-000210,18,Campaign_18,TikTok,Brand Awareness,2024-10-21,4249.04,860,52299,38,6837.87
SPEND-000211,11,Campaign_11,Twitter,App Install,2024-03-25,1377.57,706,90714,32,2495.69
SPEND-000212,6,Campaign_6,LinkedIn,Lead Generation,2024-07-18,921.63,185,76424,4,553.47
SPEND-000213,11,Campaign_11,Instagram,App Install,2024-11-07,3930.24,114,49503,2,397.43
SPEND-000214,12,Campaign_12,LinkedIn,Sales,2024-01-14,4762.98,541,65177,11,1187.36
SPEND-000215,1,Campaign_1,Instagram,Brand Awareness,2024-06-13,3804.34,304,90142,13,1087.2
SPEND-000216,17,Campaign_17,Instagram,Lead Generation,2024-02-08,10587.562838000886,945,15836,26,3311.21
SPEND-000217,9,Campaign_9,Facebook,Sales,2024-02-14,4208.96,413,28549,9,889.08
SPEND-000218,11,Campaign_11,Google Ads,Brand Awareness,2024-02-24,1161.32,384,23742,13,1068.21
SPEND-000219,8,Campaign_8,Twitter,Brand Awareness,2024-08-17,4272.64,26,7002,1,89.86
SPEND-000220,10,Campaign_10,Facebook,App Install,2024-01-19,3904.04,477,24242,12,1552.58
SPEND-000221,18,Campaign_18,Facebook,Sales,2024-11-05,3689.26,785,18253,22,1996.55
SPEND-000222,13,Campaign_13,Google Ads,Sales,2024-03-11,4682.35,838,74060,38,6322.4
SPEND-000223,19,Campaign_19,Instagram,App Install,2024-07-31,3982.25,561,59953,15,1421.96
SPEND-000224,11,Campaign_11,Instagram,Sales,2024-06-21,4917.45,296,88728,9,908.37
SPEND-000225,11,Campaign_11,TikTok,Brand Awareness,2024-11-10,1511.36,141,66802,3,426.47
SPEND-000226,14,Campaign_14,LinkedIn,Lead Generation,2024-01-14,767.01,913,1820,10,733.91
SPEND-000227,19,Campaign_19,TikTok,Brand Awareness,2024-04-28,456.47,144,31988,5,869.36
SPEND-000228,11,Campaign_11,LinkedIn,App Install,2024-02-05,1120.89,358,43464,10,1282.68
SPEND-000229,18,Campaign_18,TikTok,App Install,2024-04-03,3441.78,320,38212,6,767.83
SPEND-000230,19,Campaign_19,Instagram,App Install,2024-09-08,805.95,969,91486,18,2112.31
SPEND-000231,10,Campaign_10,TikTok,Lead Generation,2024-07-30,833.55,142,1834,3,381.89
SPEND-000232,12,Campaign_12,LinkedIn,Brand Awareness,2024-04-17,4753.55,548,10121,10,1720.35
SPEND-000233,5,Campaign_5,Google Ads,Brand Awareness,2024-02-02,718.85,156,80505,7,1027.41
SPEND-000234,2,Campaign_2,Twitter,App Install,2024-01-05,4438.86,260,69103,6,740.58
SPEND-000235,12,Campaign_12,Facebook,Lead Generation,2024-09-29,908.79,423,62821,13,819.83
SPEND-000236,12,Campaign_12,Twitter,Lead Generation,2024-08-25,1672.16,381,98888,12,1078.13
SPEND-000237,19,Campaign_19,Facebook,App Install,2024-06-15,797.98,533,12827,22,3921.1
SPEND-000238,18,Campaign_18,Google Ads,App Install,2024-02-22,2023.23,899,73007,15,1738.96
SPEND-000239,6,Campaign_6,Facebook,Lead Generation,2024-08-22,3468.67,463,26994,19,3025.66
SPEND-000240,1,Campaign_1,LinkedIn,Lead Generation,2024-04-03,945.46,988,76582,32,4551.08
SPEND-000241,4,Campaign_4,TikTok,Lead Generation,2024-08-06,4017.07,884,87146,29,4235.56
SPEND-000242,8,Campaign_8,Google Ads,Lead Generation,2024-06-15,3301.27,997,93074,19,2596.17
SPEND-000243,11,Campaign_11,Instagram,App Install,2024-06-06,1407.21,510,17011,19,2269.63
SPEND-000244,8,Campaign_8,Google Ads,App Install,2024-07-20,1520.23,594,3563,13,2337.59
SPEND-000245,20,Campaign_20,TikTok,Lead Generation,2024-02-29,984.26,628,59566,27,4835.49
SPEND-000246,19,Campaign_19,Google Ads,App Install,2024-08-13,442.42,349,8266,6,1110.97
SPEND-000247,4,Campaign_4,Google Ads,Lead Generation,2024-09-08,3568.8,151,43844,5,668.73
SPEND-000248,5,Campaign_5,Google Ads,Brand Awareness,2024-01-15,4080.37,110,99664,1,104.65
SPEND-000249,18,Campaign_18,Google Ads,App Install,2024-03-29,284.52,281,6828,11,1356.76
SPEND-000250,17,Campaign_17,Instagram,Sales,2024-09-16,4331.75,367,58458,13,2001.97
SPEND-000251,17,Campaign_17,LinkedIn,Brand Awareness,2024-04-04,1260.3,413,71122,19,3226.27
SPEND-000252,7,Campaign_7,Facebook,Sales,2024-05-22,4892.15,954,31970,24,1495.24
SPEND-000253,4,Campaign_4,Twitter,Brand Awareness,2024-02-04,1799.75,986,22365,18,2865.49
SPEND-000254,1,Campaign_1,Google Ads,Lead Generation,2024-11-25,5722.286491587971,974,96651,26,3271.59
SPEND-000255,2,Campaign_2,Instagram,App Install,2024-04-10,4567.11,435,76569,21,1310.34
SPEND-000256,3,Campaign_3,Instagram,Brand Awareness,2024-02-28,811.4,658,7346,10,727.68
SPEND-000257,15,Campaign_15,Twitter,Brand Awareness,2024-08-26,3788.03,64,19302,0,0.0
SPEND-000258,4,Campaign_4,Twitter,Sales,2024-07-25,612.08,52,24685,0,0.0
SPEND-000259,17,Campaign_17,Twitter,App Install,2024-05-07,1069.96,774,82654,30,1666.6
SPEND-000260,13,Campaign_13,LinkedIn,Brand Awareness,2024-04-16,2727.13,193,87551,5,907.65
SPEND-000261,5,Campaign_5,LinkedIn,Lead Generation,2024-03-31,592.25,33,38283,1,152.46
SPEND-000262,11,Campaign_11,Facebook,Sales,2024-10-22,9184.006299234688,163,18646,3,531.68
SPEND-000263,12,Campaign_12,TikTok,Lead Generation,2024-07-13,4214.27,839,9653,33,4893.02
SPEND-000264,19,Campaign_19,Instagram,Sales,2024-06-25,2150.6136393942984,607,92037,10,946.14
SPEND-000265,7,Campaign_7,Twitter,Brand Awareness,2024-07-02,2793.51,385,71731,9,1479.47
SPEND-000266,9,Campaign_9,Facebook,App Install,2024-03-20,225.66,962,64157,11,753.14
SPEND-000267,8,Campaign_8,Instagram,Brand Awareness,2024-09-10,1461.86,623,22804,21,2445.81
SPEND-000268,14,Campaign_14,Twitter,Brand Awareness,2024-10-29,209.66,143,30910,2,184.42
SPEND-000269,11,Campaign_11,LinkedIn,Brand Awareness,2024-05-13,12170.255890913428,857,21787,42,5500.89
SPEND-000270,8,Campaign_8,Facebook,App Install,2024-03-04,182.61,939,48603,43,8320.0
SPEND-000271,12,Campaign_12,Twitter,Sales,2024-06-06,3152.24,463,49613,15,2501.36
SPEND-000272,14,Campaign_14,Google Ads,Brand Awareness,2024-05-06,1331.28,150,14949,6,525.99
SPEND-000273,2,Campaign_2,Instagram,App Install,2024-01-31,3868.87,135,68394,1,54.0
SPEND-000274,18,Campaign_18,Google Ads,Brand Awareness,2024-02-21,2301.7,791,37198,37,4563.86
SPEND-000275,18,Campaign_18,Facebook,Brand Awareness,2024-09-21,577.4,696,96258,17,1123.88
SPEND-000276,11,Campaign_11,TikTok,App Install,2024-02-01,2370.93,530,26622,6,707.67
SPEND-000277,8,Campaign_8,LinkedIn,Lead Generation,2024-02-10,4847.0,379,38712,18,3475.5
SPEND-000278,13,Campaign_13,Google Ads,Sales,2024-02-28,3549.92,27,4249,0,0.0
SPEND-000279,15,Campaign_15,Twitter,Lead Generation,2024-12-26,3964.640873398797,518,34260,4,340.37
SPEND-000280,20,Campaign_20,Twitter,Lead Generation,2024-03-21,4130.67,954,58603,19,2196.8
SPEND-000281,3,Campaign_3,LinkedIn,App Install,2024-10-26,656.7101403831756,860,32529,8,2314.81
SPEND-000282,14,Campaign_14,Facebook,App Install,2024-06-08,4828.9,613,83160,6,361.03
SPEND-000283,19,Campaign_19,Twitter,Brand Awareness,2024-12-07,2390.06,48,34071,0,0.0
SPEND-000284,19,Campaign_19,TikTok,Brand Awareness,2024-12-28,3192.27,597,36331,6,524.36
SPEND-000285,11,Campaign_11,Google Ads,App Install,2024-01-22,1352.06,523,80803,6,830.68
SPEND-000286,13,Campaign_13,Instagram,Brand Awareness,2024-09-27,4949.52,239,84739,8,638.4
SPEND-000287,14,Campaign_14,Twitter,Brand Awareness,2024-11-04,5157.760010955535,114,39353,2,321.9
SPEND-000288,16,Campaign_16,Twitter,Sales,2024-10-19,1404.25,860,31578,14,1376.87
SPEND-000289,19,Campaign_19,Instagram,Lead Generation,2024-02-28,4978.79,836,59467,8,1253.78
SPEND-000290,14,Campaign_14,TikTok,Lead Generation,2024-03-12,228.9,62,62245,1,172.97
SPEND-000291,4,Campaign_4,Facebook,Sales,2024-07-29,369.12,686,21756,25,1352.86
SPEND-000292,4,Campaign_4,Instagram,App Install,2024-02-12,1252.53,728,90698,29,3936.3
SPEND-000293,5,Campaign_5,Facebook,Sales,2024-02-12,4882.46,758,3937,32,4017.52
SPEND-000294,17,Campaign_17,Facebook,Brand Awareness,2024-02-06,4855.49,925,53297,18,2344.78
SPEND-000295,15,Campaign_15,LinkedIn,Brand Awareness,2024-09-24,2614.41,594,31557,29,5680.46
SPEND-000296,18,Campaign_18,Google Ads,Brand Awareness,2024-02-01,4078.16,563,35013,6,726.88
SPEND-000297,6,Campaign_6,Google Ads,Lead Generation,2024-07-13,2860.8,619,40263,16,2635.06
SPEND-000298,17,Campaign_17,Twitter,Lead Generation,2024-12-11,4104.0,820,36443,13,1957.3
SPEND-000299,15,Campaign_15,TikTok,Brand Awareness,2024-07-19,4592.58825333954,962,88854,31,6286.88
SPEND-000300,9,Campaign_9,Facebook,Lead Generation,2024-10-24,2175.26,447,47479,5,924.69
SPEND-000301,16,Campaign_16,LinkedIn,Brand Awareness,2024-12-11,4479.44,576,91561,18,1799.93
SPEND-000302,15,Campaign_15,Instagram,App Install,2024-12-03,3383.14,196,53187,4,227.1
SPEND-000303,10,Campaign_10,Instagram,Brand Awareness,2024-07-11,4316.19779169236,747,33591,10,2126.56
SPEND-000304,15,Campaign_15,Facebook,Lead Generation,2024-03-19,2848.08,405,14396,6,1183.1
SPEND-000305,14,Campaign_14,LinkedIn,Sales,2024-10-04,2778.89,524,1044,25,4850.58
SPEND-000306,18,Campaign_18,Twitter,App Install,2024-09-29,3513.77,638,30878,7,807.7
SPEND-000307,16,Campaign_16,Google Ads,Brand Awareness,2024-09-26,4448.289212556757,79,76464,1,286.97
SPEND-000308,19,Campaign_19,TikTok,App Install,2024-05-07,1852.96,665,79602,28,5594.03
SPEND-000309,4,Campaign_4,Google Ads,Sales,2024-04-19,2428.04,925,54429,9,701.88
SPEND-000310,11,Campaign_11,Instagram,Sales,2024-09-18,562.54,808,44574,34,1811.85
SPEND-000311,10,Campaign_10,Twitter,Sales,2024-03-15,1384.7,109,81777,2,295.09
SPEND-000312,9,Campaign_9,Facebook,Brand Awareness,2024-10-17,2140.32,491,9281,19,2330.08
SPEND-000313,17,Campaign_17,Google Ads,Brand Awareness,2024-12-24,1367.59,596,71548,23,3325.18
SPEND-000314,13,Campaign_13,Twitter,Brand Awareness,2024-10-09,812.75,91,36585,2,224.11
SPEND-000315,8,Campaign_8,LinkedIn,Lead Generation,2024-11-14,1005.07,651,52710,16,1436.06
SPEND-000316,19,Campaign_19,Twitter,Brand Awareness,2024-12-22,3130.87,329,58717,15,1607.62
SPEND-000317,11,Campaign_11,LinkedIn,Lead Generation,2024-10-28,1379.97,832,42098,30,1997.91
SPEND-000318,2,Campaign_2,TikTok,App Install,2024-09-01,8306.90821771586,723,33295,28,6234.68
SPEND-000319,2,Campaign_2,Google Ads,Lead Generation,2024-11-01,2735.31,836,73776,21,2376.93
SPEND-000320,4,Campaign_4,Instagram,Sales,2024-10-23,3284.376006007457,623,49809,6,859.78
SPEND-000321,5,Campaign_5,LinkedIn,Sales,2024-09-28,4859.25,193,33796,2,376.15
SPEND-000322,18,Campaign_18,Instagram,Sales,2024-08-10,2213.57,61,54799,1,115.37
SPEND-000323,11,Campaign_11,Twitter,Sales,2024-07-05,2501.14,358,59077,11,598.15
SPEND-000324,11,Campaign_11,Google Ads,Sales,2024-04-08,3928.17,39,80771,1,86.38
SPEND-000325,13,Campaign_13,Twitter,Sales,2024-03-07,8978.057631758147,798,25159,15,3256.89
SPEND-000326,8,Campaign_8,Facebook,Sales,2024-01-05,3504.48,445,89508,7,546.07
SPEND-000327,6,Campaign_6,Twitter,Sales,2024-08-07,4825.24,720,63700,26,2511.4
SPEND-000328,20,Campaign_20,Facebook,Sales,2024-07-18,676.308517130838,191,11363,4,790.1
SPEND-000329,18,Campaign_18,Instagram,App Install,2024-11-23,4429.064493922513,16,8860,1,0.0
SPEND-000330,16,Campaign_16,TikTok,Sales,2024-09-10,4959.02,210,17757,9,683.4
SPEND-000331,15,Campaign_15,Facebook,App Install,2024-05-19,2285.97,428,95146,17,3024.49
SPEND-000332,3,Campaign_3,Google Ads,App Install,2024-02-26,4605.66,218,8008,6,505.93
SPEND-000333,11,Campaign_11,Google Ads,Lead Generation,2024-08-08,4182.150259253861,757,78167,22,3094.79
SPEND-000334,12,Campaign_12,LinkedIn,Sales,2024-09-20,956.66,136,17766,5,771.04
SPEND-000335,9,Campaign_9,LinkedIn,App Install,2024-05-17,331.03,977,89581,26,2491.46
SPEND-000336,11,Campaign_11,TikTok,App Install,2024-03-15,4362.36,124,11053,1,79.03
SPEND-000337,10,Campaign_10,Instagram,Brand Awareness,2024-11-10,3850.21,513,96809,19,2719.25
SPEND-000338,15,Campaign_15,Twitter,App Install,2024-07-22,3844.37,690,32836,14,2047.18
SPEND-000339,6,Campaign_6,Facebook,Brand Awareness,2024-04-08,9625.4852023979,561,73756,13,1056.4
SPEND-000340,3,Campaign_3,Instagram,Lead Generation,2024-07-17,11620.986154073067,271,6466,6,871.81
SPEND-000341,11,Campaign_11,TikTok,Sales,2024-10-06,2564.9,283,19982,9,759.74
SPEND-000342,1,Campaign_1,Facebook,App Install,2024-12-24,3960.41,116,98033,3,471.82
SPEND-000343,17,Campaign_17,LinkedIn,Sales,2024-09-20,4534.51,363,56703,17,1561.08
SPEND-000344,9,Campaign_9,LinkedIn,App Install,2024-08-06,362.09,225,70695,9,1636.66
SPEND-000345,20,Campaign_20,Instagram,Sales,2024-04-21,2306.65,119,73413,1,152.94
SPEND-000346,8,Campaign_8,TikTok,App Install,2024-11-01,704.33,477,71337,23,2918.1
SPEND-000347,20,Campaign_20,Instagram,Brand Awareness,2024-10-23,2185.37,550,77850,16,1172.01
SPEND-000348,10,Campaign_10,LinkedIn,Lead Generation,2024-09-03,2936.0,867,18412,25,2278.4
SPEND-000349,9,Campaign_9,Twitter,App Install,2024-04-29,278.5,892,12736,34,4750.91
SPEND-000350,9,Campaign_9,Google Ads,Lead Generation,2024-05-17,747.79,861,27703,27,2266.86
SPEND-000351,8,Campaign_8,Instagram,Lead Generation,2024-02-22,839.64,671,15775,24,2999.89
SPEND-000352,19,Campaign_19,Google Ads,Lead Generation,2024-03-29,2633.7,956,68460,11,1503.82
SPEND-000353,5,Campaign_5,Facebook,App Install,2024-01-23,10402.34392867909,199,2953,2,550.03
SPEND-000354,13,Campaign_13,Facebook,App Install,2024-01-24,4559.2,871,67574,30,4521.63
SPEND-000355,13,Campaign_13,Facebook,Lead Generation,2024-01-06,2783.93,203,39728,5,847.64
SPEND-000356,18,Campaign_18,LinkedIn,Lead Generation,2024-06-12,7304.095044234012,976,85037,10,1645.15
SPEND-000357,7,Campaign_7,LinkedIn,Brand Awareness,2024-06-07,3779.8912401010316,333,78162,14,2359.22
SPEND-000358,15,Campaign_15,Twitter,Brand Awareness,2024-04-03,117.19,976,37562,22,3549.24
SPEND-000359,11,Campaign_11,Facebook,Sales,2024-12-18,495.04319152869306,928,57734,32,3852.62
SPEND-000360,10,Campaign_10,Facebook,App Install,2024-12-28,542.45,298,30464,2,234.11
SPEND-000361,20,Campaign_20,Instagram,Lead Generation,2024-05-17,3884.89,52,62529,1,52.26
SPEND-000362,14,Campaign_14,Twitter,App Install,2024-10-07,1091.28,154,73608,3,476.53
SPEND-000363,6,Campaign_6,Twitter,Brand Awareness,2024-11-06,2349.66,550,3021,10,1150.17
SPEND-000364,16,Campaign_16,Instagram,App Install,2024-12-15,3336.02,810,64608,28,2929.15
SPEND-000365,6,Campaign_6,LinkedIn,Lead Generation,2024-08-20,4235.08,475,75625,21,1123.63
SPEND-000366,1,Campaign_1,Facebook,Lead Generation,2024-03-08,2214.9,792,92952,39,4609.13
SPEND-000367,13,Campaign_13,Facebook,Sales,2024-06-03,4891.11,885,73521,9,1723.87
SPEND-000368,5,Campaign_5,Facebook,Sales,2024-08-24,1869.91,331,67911,16,1082.67
SPEND-000369,3,Campaign_3,TikTok,Lead Generation,2024-03-11,2492.56,626,51475,10,611.94
SPEND-000370,9,Campaign_9,Facebook,App Install,2024-11-07,3592.57,972,53797,15,1349.11
SPEND-000371,11,Campaign_11,Instagram,Sales,2024-10-27,464.8,840,7998,32,6379.38
SPEND-000372,9,Campaign_9,Google Ads,Sales,2024-02-23,4134.21,707,46431,15,1843.74
SPEND-000373,14,Campaign_14,Instagram,Brand Awareness,2024-03-05,114.14,154,76756,2,360.89
SPEND-000374,19,Campaign_19,Facebook,Brand Awareness,2024-01-26,410.51,234,53336,11,2032.49
SPEND-000375,15,Campaign_15,Google Ads,Sales,2024-04-18,4153.68,877,37496,39,7752.49
SPEND-000376,9,Campaign_9,Facebook,Sales,2024-01-30,535.9,677,69179,32,5520.77
SPEND-000377,15,Campaign_15,Google Ads,Sales,2024-02-16,767.62,84,56008,2,380.19
SPEND-000378,1,Campaign_1,Twitter,Brand Awareness,2024-02-03,388.7,975,47062,31,4795.77
SPEND-000379,4,Campaign_4,Instagram,Brand Awareness,2024-07-09,4876.15,192,81008,8,1463.09
SPEND-000380,11,Campaign_11,Google Ads,App Install,2024-08-06,496.27,771,6717,18,3456.91
SPEND-000381,2,Campaign_2,Instagram,Brand Awareness,2024-03-10,1078.09,483,5302,6,687.17
SPEND-000382,1,Campaign_1,Twitter,Sales,2024-05-11,4539.65,98,86674,4,544.4
SPEND-000383,10,Campaign_10,Google Ads,App Install,2024-11-26,790.16,544,75381,15,2084.47
SPEND-000384,12,Campaign_12,Google Ads,Lead Generation,2024-10-31,3313.1775092015932,794,62894,11,1929.95
SPEND-000385,16,Campaign_16,Google Ads,Sales,2024-06-08,7685.74569033437,228,11832,5,1588.03
SPEND-000386,18,Campaign_18,TikTok,Sales,2024-11-08,2076.08,197,90732,2,367.72
SPEND-000387,15,Campaign_15,LinkedIn,App Install,2024-09-25,3843.31,355,32713,15,1090.61
SPEND-000388,9,Campaign_9,Instagram,Sales,2024-08-10,290.7,468,57264,8,1057.54
SPEND-000389,10,Campaign_10,Instagram,Sales,2024-09-14,1056.64,1000,40798,17,2890.51
SPEND-000390,13,Campaign_13,Google Ads,Brand Awareness,2024-10-03,332.42,64,44777,1,116.65
SPEND-000391,13,Campaign_13,LinkedIn,Lead Generation,2024-08-17,3137.39,91,47194,2,219.12
SPEND-000392,1,Campaign_1,Instagram,Sales,2024-01-18,2750.13,933,44687,37,2444.63
SPEND-000393,1,Campaign_1,TikTok,App Install,2024-11-03,598.41,112,31614,5,997.59
SPEND-000394,4,Campaign_4,Instagram,Brand Awareness,2024-12-17,193.57,834,44061,18,3444.56
SPEND-000395,6,Campaign_6,Google Ads,Sales,2024-11-20,216.59,645,94989,16,1361.14
SPEND-000396,3,Campaign_3,TikTok,Sales,2024-03-31,4991.23,692,11838,10,1156.61
SPEND-000397,2,Campaign_2,Facebook,Lead Generation,2024-03-21,4313.66,951,92702,11,1077.19
SPEND-000398,12,Campaign_12,TikTok,App Install,2024-12-17,6662.682646836156,460,35030,18,2282.32
SPEND-000399,4,Campaign_4,Twitter,Sales,2024-12-26,1037.19,484,17926,16,918.84
SPEND-000400,1,Campaign_1,Google Ads,Lead Generation,2024-12-07,3779.88,59,9619,0,0.0
SPEND-000401,10,Campaign_10,TikTok,Lead Generation,2024-01-07,1095.99,131,76887,1,102.23
SPEND-000402,14,Campaign_14,Facebook,Brand Awareness,2024-09-16,3096.72,75,38252,0,0.0
SPEND-000403,8,Campaign_8,TikTok,Lead Generation,2024-06-21,4414.45,923,81818,15,1977.25
SPEND-000404,12,Campaign_12,TikTok,App Install,2024-10-17,1768.29,380,6990,9,494.9
SPEND-000405,19,Campaign_19,Instagram,Brand Awareness,2024-01-07,3256.21,594,53138,16,2993.62
SPEND-000406,3,Campaign_3,Instagram,App Install,2024-07-17,3613.93,279,63586,3,462.95
SPEND-000407,17,Campaign_17,LinkedIn,Sales,2024-12-21,3433.07,921,94933,44,6570.6
SPEND-000408,10,Campaign_10,Instagram,App Install,2024-12-23,4819.58,892,50147,16,806.67
SPEND-000409,6,Campaign_6,LinkedIn,App Install,2024-06-16,139.44,658,22060,15,774.87
SPEND-000410,11,Campaign_11,LinkedIn,Brand Awareness,2024-03-07,4504.34,302,25070,4,522.34
SPEND-000411,6,Campaign_6,TikTok,Brand Awareness,2024-10-20,3542.04,234,20588,9,865.42
SPEND-000412,1,Campaign_1,TikTok,App Install,2024-01-17,5411.633153311806,926,85299,39,7385.26
SPEND-000413,17,Campaign_17,LinkedIn,Brand Awareness,2024-05-04,168.33,100,16289,2,233.22
SPEND-000414,10,Campaign_10,TikTok,App Install,2024-06-20,4792.67,352,60839,14,2791.65
SPEND-000415,11,Campaign_11,Instagram,Brand Awareness,2024-04-05,529.86,764,78780,25,2838.12
SPEND-000416,8,Campaign_8,Google Ads,Sales,2024-08-02,3388.08,826,24485,8,1233.06
SPEND-000417,17,Campaign_17,Google Ads,Sales,2024-02-09,2933.739152814888,921,61734,5,1393.76
SPEND-000418,6,Campaign_6,Google Ads,Lead Generation,2024-12-31,3784.48,195,1802,3,465.19
SPEND-000419,3,Campaign_3,LinkedIn,Brand Awareness,2024-09-25,3949.81,596,69452,27,4277.3
SPEND-000420,14,Campaign_14,Facebook,App Install,2024-02-27,6112.746485717595,558,28713,9,1722.96
SPEND-000421,16,Campaign_16,Google Ads,Sales,2024-12-26,3484.59,579,51032,17,2657.52
SPEND-000422,8,Campaign_8,Twitter,Lead Generation,2024-09-30,3851.38,628,92667,27,1622.03
SPEND-000423,17,Campaign_17,Instagram,Brand Awareness,2024-09-02,4506.15,292,67724,6,1093.86
SPEND-000424,17,Campaign_17,Google Ads,Sales,2024-03-27,3639.67,176,63491,1,76.64
SPEND-000425,18,Campaign_18,Google Ads,Sales,2024-11-16,4640.44,148,30968,5,366.62
SPEND-000426,9,Campaign_9,Twitter,Brand Awareness,2024-05-22,3308.69,144,96832,6,1074.23
SPEND-000427,14,Campaign_14,LinkedIn,Brand Awareness,2024-10-22,3051.97,727,26727,7,482.86
SPEND-000428,5,Campaign_5,Facebook,Lead Generation,2024-11-20,1118.5,293,7646,13,2006.96
SPEND-000429,5,Campaign_5,TikTok,Brand Awareness,2024-08-12,2540.33,722,17671,32,2769.76
SPEND-000430,5,Campaign_5,Instagram,Brand Awareness,2024-02-17,2147.85,426,7164,8,636.45
SPEND-000431,12,Campaign_12,TikTok,Lead Generation,2024-10-31,1230.96,477,58667,13,1425.87
SPEND-000432,5,Campaign_5,Facebook,Brand Awareness,2024-12-16,212.3,622,22220,8,1219.16
SPEND-000433,16,Campaign_16,LinkedIn,Lead Generation,2024-07-12,4339.43,891,6357,42,5766.85
SPEND-000434,4,Campaign_4,Facebook,Lead Generation,2024-05-14,1314.91,564,98238,24,1440.77
SPEND-000435,5,Campaign_5,Instagram,Sales,2024-02-11,4027.15,971,27610,14,1722.38
SPEND-000436,13,Campaign_13,Instagram,Brand Awareness,2024-07-07,4847.31,871,55746,42,4577.51
SPEND-000437,13,Campaign_13,Google Ads,Brand Awareness,2024-12-24,2030.61,96,21050,3,511.88
SPEND-000438,10,Campaign_10,Instagram,Lead Generation,2024-05-26,3916.13,317,34388,11,1277.61
SPEND-000439,10,Campaign_10,Instagram,Lead Generation,2024-04-06,3614.67,436,75390,10,953.45
SPEND-000440,15,Campaign_15,Google Ads,App Install,2024-03-07,12543.99011508977,147,51507,2,700.41
SPEND-000441,5,Campaign_5,TikTok,Brand Awareness,2024-06-24,4710.11,722,73719,16,2416.41
SPEND-000442,18,Campaign_18,TikTok,App Install,2024-09-09,4750.8,983,78872,36,2329.67
SPEND-000443,5,Campaign_5,TikTok,Lead Generation,2024-05-02,3649.34,96,94220,3,406.9
SPEND-000444,7,Campaign_7,Instagram,Lead Generation,2024-06-22,4044.49,747,18560,36,7142.35
SPEND-000445,12,Campaign_12,TikTok,Brand Awareness,2024-01-30,1886.89,240,31913,4,769.54
SPEND-000446,8,Campaign_8,Facebook,App Install,2024-02-10,10578.064681141745,878,48951,21,3997.64
SPEND-000447,13,Campaign_13,TikTok,Sales,2024-10-15,3408.18,348,66454,14,1542.89
SPEND-000448,11,Campaign_11,Google Ads,App Install,2024-07-03,4838.57,389,58224,12,2384.03
SPEND-000449,20,Campaign_20,Instagram,Brand Awareness,2024-07-14,9701.979877368018,451,9333,6,736.43
SPEND-000450,19,Campaign_19,LinkedIn,Lead Generation,2024-11-12,4593.62,530,41153,7,708.78
SPEND-000451,11,Campaign_11,LinkedIn,Brand Awareness,2024-10-21,1968.31,874,40595,24,1606.23
SPEND-000452,15,Campaign_15,LinkedIn,Sales,2024-03-10,1274.03,612,95031,30,2695.63
SPEND-000453,2,Campaign_2,TikTok,Brand Awareness,2024-05-15,3288.26,210,77483,4,738.36
SPEND-000454,10,Campaign_10,LinkedIn,Lead Generation,2024-06-07,1146.11,473,8318,15,1245.02
SPEND-000455,4,Campaign_4,TikTok,Sales,2024-01-10,246.94,712,85622,27,3357.51
SPEND-000456,6,Campaign_6,Google Ads,Sales,2024-03-02,489.06,572,96668,15,2811.34
SPEND-000457,6,Campaign_6,Google Ads,App Install,2024-07-04,4096.66,296,87237,11,840.76
SPEND-000458,9,Campaign_9,LinkedIn,Lead Generation,2024-12-14,3287.39,520,89960,6,747.5
SPEND-000459,1,Campaign_1,TikTok,App Install,2024-09-27,2113.52,906,45752,35,2524.84
SPEND-000460,15,Campaign_15,Google Ads,Brand Awareness,2024-10-22,4232.764986607061,341,90386,4,633.98
SPEND-000461,12,Campaign_12,Google Ads,Brand Awareness,2024-08-12,4668.9,35,9242,1,105.12
SPEND-000462,2,Campaign_2,Facebook,App Install,2024-03-18,2470.84,192,90445,7,419.0
SPEND-000463,7,Campaign_7,Facebook,Lead Generation,2024-08-05,229.7,242,40468,11,1692.29
SPEND-000464,13,Campaign_13,Instagram,Sales,2024-11-17,3501.23,178,65798,8,638.15
SPEND-000465,12,Campaign_12,TikTok,App Install,2024-03-19,2638.68,190,52218,8,432.15
SPEND-000466,8,Campaign_8,LinkedIn,Lead Generation,2024-03-06,3623.77,370,81657,15,2684.57
SPEND-000467,5,Campaign_5,Google Ads,Lead Generation,2024-03-18,3235.69,242,59024,9,706.64
SPEND-000468,1,Campaign_1,LinkedIn,Sales,2024-07-05,4279.03,720,91595,31,5184.96
SPEND-000469,8,Campaign_8,Google Ads,Brand Awareness,2024-04-26,2173.81,529,12417,12,662.57
SPEND-000470,18,Campaign_18,Twitter,Lead Generation,2024-01-24,2606.11,631,51998,18,3490.94
SPEND-000471,7,Campaign_7,Twitter,Lead Generation,2024-01-20,583.48,137,65407,2,129.93
SPEND-000472,18,Campaign_18,TikTok,App Install,2024-10-13,3197.39,733,24971,9,1609.69
SPEND-000473,9,Campaign_9,Instagram,Lead Generation,2024-05-12,3918.82,215,63714,4,652.25
SPEND-000474,7,Campaign_7,TikTok,Sales,2024-03-19,794.01,951,22153,36,1891.19
SPEND-000475,9,Campaign_9,Google Ads,Lead Generation,2024-06-26,2845.04,888,88864,35,2559.99
SPEND-000476,6,Campaign_6,TikTok,Lead Generation,2024-06-30,2084.63,197,50417,8,1141.52
SPEND-000477,12,Campaign_12,TikTok,Lead Generation,2024-01-26,4511.07,863,32751,39,6573.58
SPEND-000478,3,Campaign_3,TikTok,Lead Generation,2024-02-28,2704.71,416,36593,15,1856.5
SPEND-000479,1,Campaign_1,Twitter,Lead Generation,2024-12-08,1644.75,982,74254,21,1434.38
SPEND-000480,1,Campaign_1,TikTok,App Install,2024-02-06,1176.78,188,51510,4,234.4
SPEND-000481,8,Campaign_8,Instagram,Sales,2024-08-30,3318.57,74,51609,1,91.53
SPEND-000482,11,Campaign_11,LinkedIn,Brand Awareness,2024-10-18,1353.5185732222142,969,23843,22,1983.1
SPEND-000483,19,Campaign_19,TikTok,App Install,2024-06-24,1716.75,27,36601,0,0.0
SPEND-000484,19,Campaign_19,Google Ads,Brand Awareness,2024-10-29,1673.1,518,72712,12,932.75
SPEND-000485,5,Campaign_5,Facebook,Brand Awareness,2024-05-09,926.76,692,21748,7,1003.89
SPEND-000486,5,Campaign_5,TikTok,App Install,2024-12-04,540.05,85,41302,4,542.94
SPEND-000487,20,Campaign_20,Twitter,Lead Generation,2024-08-24,2706.7,474,85838,12,1619.51
SPEND-000488,3,Campaign_3,Google Ads,Lead Generation,2024-08-06,2503.69,246,64422,3,420.87
SPEND-000489,15,Campaign_15,TikTok,App Install,2024-07-18,3407.26,481,4711,23,3549.31
SPEND-000490,18,Campaign_18,Twitter,Sales,2024-06-29,1262.43,968,84545,17,2458.96
SPEND-000491,7,Campaign_7,Facebook,Sales,2024-11-04,549.31,346,51099,7,382.42
SPEND-000492,6,Campaign_6,Google Ads,Sales,2024-03-04,1637.5239419420172,133,21780,4,411.18
SPEND-000493,10,Campaign_10,Instagram,App Install,2024-11-23,2334.86,501,38236,5,287.46
SPEND-000494,13,Campaign_13,LinkedIn,Sales,2024-06-07,2769.3,518,58050,13,1766.17
SPEND-000495,3,Campaign_3,Twitter,Brand Awareness,2024-04-13,1989.72,446,46555,16,881.06
SPEND-000496,1,Campaign_1,Twitter,Sales,2024-05-05,1829.72,235,92623,6,333.87
SPEND-000497,19,Campaign_19,Twitter,Sales,2024-11-11,1013.71,461,61870,6,1094.46
SPEND-000498,5,Campaign_5,Instagram,Brand Awareness,2024-12-22,1962.77,220,43086,2,211.29
SPEND-000499,6,Campaign_6,LinkedIn,Lead Generation,2024-06-28,639.6,174,70339,4,604.65
SPEND-000500,3,Campaign_3,LinkedIn,App Install,2024-11-10,1520.91,645,69749,28,4930.08
SPEND-000501,12,Campaign_12,LinkedIn,Sales,2024-07-30,3321.55,315,33507,15,2445.87
SPEND-000502,8,Campaign_8,LinkedIn,Lead Generation,2024-12-29,1361.25,820,10567,37,5246.53
SPEND-000503,20,Campaign_20,Google Ads,Sales,2024-12-27,4729.27,292,34879,9,834.87
SPEND-000504,14,Campaign_14,LinkedIn,Brand Awareness,2024-01-09,2676.54,866,89607,31,4160.31
SPEND-000505,19,Campaign_19,LinkedIn,Sales,2024-09-13,2158.63,750,80356,21,3995.81
SPEND-000506,4,Campaign_4,Google Ads,Brand Awareness,2024-03-21,1069.5554224689236,925,2045,40,4322.76
SPEND-000507,16,Campaign_16,LinkedIn,Sales,2024-06-03,4506.27,366,68970,6,867.27
SPEND-000508,11,Campaign_11,Twitter,App Install,2024-10-26,746.37,48,17470,0,0.0
SPEND-000509,10,Campaign_10,Twitter,Sales,2024-02-02,827.07,238,81076,7,1214.11
SPEND-000510,4,Campaign_4,Google Ads,App Install,2024-02-28,1099.8,351,61485,15,2694.72
SPEND-000511,7,Campaign_7,LinkedIn,Brand Awareness,2024-10-25,1753.17,869,89806,25,1258.69
SPEND-000512,19,Campaign_19,Instagram,Sales,2024-04-21,4727.47,732,35221,17,1610.78
SPEND-000513,13,Campaign_13,Twitter,Sales,2024-04-23,514.75,966,30205,30,3169.44
SPEND-000514,6,Campaign_6,Google Ads,App Install,2024-07-27,872.1,768,88916,11,1965.66
SPEND-000515,10,Campaign_10,Google Ads,App Install,2024-05-15,2092.23,120,86986,1,84.8
SPEND-000516,17,Campaign_17,TikTok,Sales,2024-12-20,7931.218416815619,415,87249,19,2227.69
SPEND-000517,5,Campaign_5,Instagram,App Install,2024-05-23,1969.0,992,77358,11,2012.1
SPEND-000518,15,Campaign_15,LinkedIn,Sales,2024-02-02,4389.926215280121,48,25683,1,176.22
SPEND-000519,2,Campaign_2,Google Ads,Sales,2024-03-23,4093.83,976,80888,20,2172.53
SPEND-000520,6,Campaign_6,Google Ads,Brand Awareness,2024-04-12,1504.5236378464358,648,21095,24,1387.74
SPEND-000521,7,Campaign_7,Google Ads,App Install,2024-01-06,3111.1486587477134,212,29765,3,481.07
SPEND-000522,15,Campaign_15,LinkedIn,Sales,2024-01-06,2243.94,155,56950,6,848.71
SPEND-000523,8,Campaign_8,TikTok,Lead Generation,2024-01-30,950.45,389,85116,7,432.15
SPEND-000524,19,Campaign_19,Instagram,Lead Generation,2024-05-12,4098.72,250,23364,2,181.26
SPEND-000525,2,Campaign_2,Google Ads,Brand Awareness,2024-10-03,1550.43,979,9926,47,6449.77
SPEND-000526,3,Campaign_3,Twitter,App Install,2024-03-24,4792.3,826,87758,12,693.81
SPEND-000527,14,Campaign_14,LinkedIn,App Install,2024-12-04,4427.18,757,61629,31,2022.39
SPEND-000528,11,Campaign_11,LinkedIn,App Install,2024-07-30,1262.0687468774315,968,79737,37,8120.5
SPEND-000529,5,Campaign_5,TikTok,Brand Awareness,2024-08-28,3181.72,527,45496,23,1371.11
SPEND-000530,19,Campaign_19,TikTok,Lead Generation,2024-06-24,1987.86,298,70963,11,2059.52
SPEND-000531,8,Campaign_8,Twitter,Lead Generation,2024-05-07,3173.29,597,60161,24,1474.71
SPEND-000532,3,Campaign_3,Facebook,App Install,2024-01-25,684.21,999,61016,30,2560.68
SPEND-000533,20,Campaign_20,Facebook,Brand Awareness,2024-12-08,4590.02,475,10690,20,3588.86
SPEND-000534,8,Campaign_8,Instagram,Sales,2024-03-18,1827.36,644,78038,22,3391.67
SPEND-000535,4,Campaign_4,Twitter,Lead Generation,2024-02-22,946.05,937,19625,27,2920.63
SPEND-000536,18,Campaign_18,Twitter,App Install,2024-04-03,901.39,887,48279,19,1361.37
SPEND-000537,11,Campaign_11,TikTok,Brand Awareness,2024-05-13,2996.4,401,85678,17,1340.51
SPEND-000538,18,Campaign_18,Google Ads,Sales,2024-04-13,11003.316576470022,319,39591,6,1485.81
SPEND-000539,1,Campaign_1,LinkedIn,Sales,2024-08-25,201.97,20,22785,0,0.0
SPEND-000540,3,Campaign_3,Instagram,App Install,2024-06-09,1028.39,468,90374,13,1866.63
SPEND-000541,14,Campaign_14,TikTok,App Install,2024-12-02,1125.1,768,79346,17,1444.59
SPEND-000542,16,Campaign_16,LinkedIn,Sales,2024-03-28,884.09,590,48014,9,1014.79
SPEND-000543,18,Campaign_18,Facebook,Lead Generation,2024-03-13,4066.65,38,18540,1,135.91
SPEND-000544,19,Campaign_19,LinkedIn,App Install,2024-02-29,449.55,233,54806,2,277.42
SPEND-000545,8,Campaign_8,Twitter,Sales,2024-05-05,2370.03,841,95398,13,1446.78
SPEND-000546,6,Campaign_6,Facebook,Sales,2024-08-08,1947.22,689,44938,14,1780.18
SPEND-000547,4,Campaign_4,Google Ads,Lead Generation,2024-04-14,8609.69459434118,680,30233,23,3731.7
SPEND-000548,6,Campaign_6,Facebook,Brand Awareness,2024-11-24,1338.5712543509974,106,20901,4,379.67
SPEND-000549,12,Campaign_12,Instagram,Brand Awareness,2024-03-19,4361.68,437,72229,13,2583.3
SPEND-000550,4,Campaign_4,Instagram,Lead Generation,2024-02-26,2701.11,579,35359,18,1951.55
SPEND-000551,1,Campaign_1,Facebook,Lead Generation,2024-07-17,970.54,947,66860,44,5118.81
SPEND-000552,11,Campaign_11,Instagram,Sales,2024-06-16,3902.1,663,51818,17,3261.62
SPEND-000553,4,Campaign_4,Instagram,App Install,2024-08-10,3648.68,313,29535,11,734.46
SPEND-000554,5,Campaign_5,Google Ads,Sales,2024-02-08,1047.21,322,3242,12,681.85
SPEND-000555,18,Campaign_18,Google Ads,Brand Awareness,2024-02-27,1478.88,970,64648,29,5277.89
SPEND-000556,3,Campaign_3,Twitter,Brand Awareness,2024-11-10,2287.92,612,54248,21,4126.81
SPEND-000557,6,Campaign_6,Instagram,App Install,2024-12-23,1075.9,572,97384,6,497.41
SPEND-000558,1,Campaign_1,TikTok,Lead Generation,2024-12-18,3751.12,12,93567,0,0.0
SPEND-000559,18,Campaign_18,LinkedIn,Lead Generation,2024-04-09,7506.619006654889,903,25713,8,1179.18
SPEND-000560,18,Campaign_18,TikTok,Lead Generation,2024-01-01,4683.06,715,73502,11,1239.58
SPEND-000561,19,Campaign_19,Instagram,App Install,2024-02-01,392.24,556,53180,21,1566.64
SPEND-000562,8,Campaign_8,Google Ads,Lead Generation,2024-03-31,4234.8,913,28106,40,5656.48
SPEND-000563,7,Campaign_7,Twitter,App Install,2024-07-27,4510.63,527,11918,12,805.28
SPEND-000564,6,Campaign_6,Twitter,Lead Generation,2024-08-20,988.3810256050724,575,57892,7,1998.55
SPEND-000565,7,Campaign_7,Google Ads,Lead Generation,2024-11-07,846.54,563,89214,24,3831.92
SPEND-000566,15,Campaign_15,TikTok,Brand Awareness,2024-11-03,3668.78,551,9296,16,2499.79
SPEND-000567,13,Campaign_13,Twitter,Lead Generation,2024-09-09,1989.65,54,86281,1,144.37
SPEND-000568,1,Campaign_1,TikTok,App Install,2024-10-02,2660.97,842,86745,17,2814.33
SPEND-000569,20,Campaign_20,Twitter,Lead Generation,2024-07-28,672.22,721,66951,10,1954.91
SPEND-000570,18,Campaign_18,TikTok,Lead Generation,2024-06-02,1814.72,192,66205,7,367.47
SPEND-000571,13,Campaign_13,Twitter,Brand Awareness,2024-07-07,3510.06,556,53330,14,1058.71
SPEND-000572,5,Campaign_5,LinkedIn,Sales,2024-08-17,1100.29,529,81837,17,3122.33
SPEND-000573,8,Campaign_8,Instagram,Lead Generation,2024-05-19,3388.7,661,83349,6,699.9
SPEND-000574,19,Campaign_19,Instagram,Sales,2024-01-12,2280.75,496,83234,7,998.21
SPEND-000575,3,Campaign_3,Twitter,Sales,2024-10-20,3131.81,32,64495,1,132.99
SPEND-000576,16,Campaign_16,LinkedIn,Sales,2024-10-13,4129.962322727142,881,81977,29,3103.64
SPEND-000577,4,Campaign_4,Twitter,Brand Awareness,2024-08-24,1288.41,541,61074,25,2537.61
SPEND-000578,13,Campaign_13,LinkedIn,App Install,2024-10-26,2715.15,306,35763,6,1013.1
SPEND-000579,1,Campaign_1,LinkedIn,Brand Awareness,2024-03-28,1427.1899010771697,177,5115,3,776.71
SPEND-000580,1,Campaign_1,Instagram,Lead Generation,2024-04-01,4014.726633744875,377,34117,9,1820.78
SPEND-000581,2,Campaign_2,LinkedIn,Brand Awareness,2024-09-04,1595.09,574,71891,11,1531.76
SPEND-000582,18,Campaign_18,LinkedIn,Brand Awareness,2024-07-31,4922.82,24,32006,0,0.0
SPEND-000583,2,Campaign_2,Facebook,Sales,2024-04-18,325.03,747,46208,19,2884.65
SPEND-000584,7,Campaign_7,Facebook,Sales,2024-07-02,1998.27,581,13725,11,1482.8
SPEND-000585,14,Campaign_14,Twitter,App Install,2024-10-18,353.75,945,63895,36,1905.33
SPEND-000586,6,Campaign_6,Twitter,Brand Awareness,2024-11-25,4037.86,125,5093,4,322.43
SPEND-000587,2,Campaign_2,Google Ads,Brand Awareness,2024-05-18,4602.78,982,40716,47,3277.26
SPEND-000588,13,Campaign_13,Twitter,Lead Generation,2024-05-20,3359.8,582,56304,26,2863.39
SPEND-000589,10,Campaign_10,Facebook,App Install,2024-07-12,794.64,129,17521,2,203.26
SPEND-000590,5,Campaign_5,LinkedIn,Sales,2024-08-05,7162.93717556175,971,25148,48,2886.77
SPEND-000591,15,Campaign_15,Facebook,Sales,2024-05-12,2544.63,932,63967,23,3017.08
SPEND-000592,12,Campaign_12,Instagram,Lead Generation,2024-04-24,3043.83,184,43763,2,347.23
SPEND-000593,11,Campaign_11,Facebook,Brand Awareness,2024-09-07,4169.14,304,18980,7,715.08
SPEND-000594,1,Campaign_1,TikTok,Lead Generation,2024-05-07,5235.077839959443,199,87299,7,1706.2
SPEND-000595,15,Campaign_15,Twitter,Sales,2024-03-21,2185.43,558,36481,19,3034.79
SPEND-000596,11,Campaign_11,Instagram,Sales,2024-06-15,937.75,694,77605,15,2282.85
SPEND-000597,4,Campaign_4,Twitter,Brand Awareness,2024-02-29,9798.952743715798,510,43951,6,751.26
SPEND-000598,12,Campaign_12,LinkedIn,Lead Generation,2024-11-02,554.46,475,59751,10,1207.42
SPEND-000599,12,Campaign_12,Google Ads,App Install,2024-06-01,2247.97,759,70327,30,4795.12
SPEND-000600,4,Campaign_4,LinkedIn,Lead Generation,2024-10-24,1571.37,480,75852,8,747.26
SPEND-000601,2,Campaign_2,LinkedIn,Brand Awareness,2024-04-28,2492.82,41,71033,0,0.0
SPEND-000602,3,Campaign_3,TikTok,Brand Awareness,2024-04-12,1274.27,543,85450,25,4926.51
SPEND-000603,17,Campaign_17,Twitter,App Install,2024-09-16,2721.24,841,23948,39,2349.66
SPEND-000604,18,Campaign_18,Twitter,Brand Awareness,2024-04-10,147.25,455,73725,7,1068.48
SPEND-000605,15,Campaign_15,TikTok,Brand Awareness,2024-06-05,2102.11,227,87624,10,1593.41
SPEND-000606,4,Campaign_4,Instagram,App Install,2024-10-16,4331.04,445,47693,16,1251.18
SPEND-000607,16,Campaign_16,Facebook,Brand Awareness,2024-09-02,2269.2,965,50663,15,2570.41
SPEND-000608,10,Campaign_10,Google Ads,App Install,2024-04-17,4086.8,611,18898,20,1770.86
SPEND-000609,9,Campaign_9,LinkedIn,Sales,2024-01-27,3087.0,609,76381,25,3835.6
SPEND-000610,16,Campaign_16,Google Ads,Brand Awareness,2024-10-22,183.11,862,31664,40,6253.22
SPEND-000611,18,Campaign_18,Instagram,Sales,2024-07-28,3351.5,936,39077,20,2951.65
SPEND-000612,20,Campaign_20,TikTok,App Install,2024-11-10,3648.57,389,77393,10,1341.56
SPEND-000613,11,Campaign_11,TikTok,Brand Awareness,2024-12-29,2897.97,542,99858,8,1021.98
SPEND-000614,6,Campaign_6,Google Ads,Brand Awareness,2024-02-06,2261.43,483,77520,18,2544.85
SPEND-000615,5,Campaign_5,LinkedIn,Sales,2024-09-27,4181.599362210036,633,84794,21,3415.56
SPEND-000616,9,Campaign_9,LinkedIn,App Install,2024-02-20,3970.55,445,28015,13,2354.0
SPEND-000617,17,Campaign_17,Facebook,App Install,2024-02-12,992.9,663,29526,7,904.57
SPEND-000618,18,Campaign_18,Facebook,Sales,2024-02-11,2932.8,513,80921,22,1363.3
SPEND-000619,19,Campaign_19,Facebook,Lead Generation,2024-01-12,3715.65,682,81897,31,6042.23
SPEND-000620,4,Campaign_4,Twitter,Lead Generation,2024-08-27,2927.75,333,49549,5,896.08
SPEND-000621,8,Campaign_8,LinkedIn,Brand Awareness,2024-02-15,8206.341536155887,330,87113,15,1700.0
SPEND-000622,11,Campaign_11,Google Ads,Brand Awareness,2024-03-05,3399.34,774,3618,30,2048.37
SPEND-000623,1,Campaign_1,Google Ads,Brand Awareness,2024-09-29,715.69,495,76170,11,1616.43
SPEND-000624,8,Campaign_8,TikTok,Brand Awareness,2024-08-06,307.09,716,8742,22,3826.96
SPEND-000625,2,Campaign_2,LinkedIn,Sales,2024-06-16,398.88,316,18777,5,595.78
SPEND-000626,17,Campaign_17,Twitter,App Install,2024-04-15,1957.66,153,53698,7,432.81
SPEND-000627,19,Campaign_19,Google Ads,App Install,2024-04-17,1830.83,71,82091,2,287.99
SPEND-000628,3,Campaign_3,LinkedIn,App Install,2024-11-20,4782.57,691,60029,13,1918.79
SPEND-000629,8,Campaign_8,Instagram,Lead Generation,2024-09-06,2883.69,365,47801,15,1010.3
SPEND-000630,13,Campaign_13,TikTok,App Install,2024-11-10,308.68,868,18566,26,2235.94
SPEND-000631,1,Campaign_1,Google Ads,Lead Generation,2024-10-05,3013.06,397,86217,10,1014.67
SPEND-000632,17,Campaign_17,Facebook,App Install,2024-07-12,11517.340215644292,80,34610,2,457.33
SPEND-000633,11,Campaign_11,TikTok,Lead Generation,2024-04-14,3585.0057778650153,951,84206,11,3484.71
SPEND-000634,18,Campaign_18,Instagram,Lead Generation,2024-01-01,763.31,18,29048,0,0.0
SPEND-000635,17,Campaign_17,Facebook,Sales,2024-05-14,3205.42,287,89661,8,1034.64
SPEND-000636,7,Campaign_7,Facebook,Brand Awareness,2024-10-21,2117.63,438,6885,13,1157.25
SPEND-000637,19,Campaign_19,Google Ads,Sales,2024-03-29,2577.72,971,37466,33,3899.01
SPEND-000638,12,Campaign_12,Facebook,Brand Awareness,2024-12-27,1261.93,560,44076,22,2597.13
SPEND-000639,15,Campaign_15,LinkedIn,Brand Awareness,2024-04-10,204.24,835,56681,26,3483.81
SPEND-000640,13,Campaign_13,LinkedIn,App Install,2024-01-18,2453.3193393781216,614,28297,15,2311.34
SPEND-000641,12,Campaign_12,Instagram,Brand Awareness,2024-04-23,6921.401020758049,424,29108,5,1091.11
SPEND-000642,20,Campaign_20,Facebook,Brand Awareness,2024-11-14,4574.41,207,46758,6,873.22
SPEND-000643,6,Campaign_6,Instagram,Brand Awareness,2024-03-06,2039.9,280,46702,11,2150.32
SPEND-000644,6,Campaign_6,Google Ads,Brand Awareness,2024-02-13,8161.179978576948,678,95917,8,1908.38
SPEND-000645,16,Campaign_16,TikTok,Lead Generation,2024-10-29,4210.44,112,36666,3,221.8
SPEND-000646,18,Campaign_18,TikTok,Lead Generation,2024-02-08,391.54,741,64271,25,1620.47
SPEND-000647,5,Campaign_5,LinkedIn,App Install,2024-10-05,4765.38,611,4691,23,3075.17
SPEND-000648,9,Campaign_9,Instagram,Lead Generation,2024-07-27,1102.96,392,24259,5,622.01
SPEND-000649,6,Campaign_6,LinkedIn,Brand Awareness,2024-01-08,3217.2062372337364,671,91950,22,1820.61
SPEND-000650,7,Campaign_7,LinkedIn,Lead Generation,2024-07-14,6207.705475065093,714,14004,14,1035.7
SPEND-000651,2,Campaign_2,Google Ads,Lead Generation,2024-01-18,255.81,808,44938,33,3585.07
SPEND-000652,3,Campaign_3,Instagram,Sales,2024-07-03,1063.31,607,72264,6,605.07
SPEND-000653,1,Campaign_1,Facebook,App Install,2024-02-19,6812.391229348188,351,18899,10,2151.41
SPEND-000654,3,Campaign_3,Google Ads,Brand Awareness,2024-01-18,3306.31,174,23500,2,161.26
SPEND-000655,17,Campaign_17,Twitter,Sales,2024-02-08,3309.92,155,65961,2,107.49
SPEND-000656,9,Campaign_9,TikTok,Brand Awareness,2024-07-27,3982.5,123,66008,4,528.29
SPEND-000657,16,Campaign_16,Facebook,Sales,2024-08-20,1358.49,426,33096,5,983.78
SPEND-000658,10,Campaign_10,Google Ads,Sales,2024-04-04,1866.67,673,13169,17,1217.38
SPEND-000659,3,Campaign_3,Google Ads,App Install,2024-12-06,3679.08,288,77459,6,1040.96
SPEND-000660,6,Campaign_6,Twitter,Lead Generation,2024-11-11,210.76,197,89395,5,719.13
SPEND-000661,5,Campaign_5,Twitter,Sales,2024-07-28,1438.4545011945477,627,62029,15,4108.78
SPEND-000662,12,Campaign_12,Instagram,Sales,2024-10-03,1818.7,47,51104,0,0.0
SPEND-000663,18,Campaign_18,Instagram,App Install,2024-02-16,936.57,563,57343,25,4975.13
SPEND-000664,9,Campaign_9,Twitter,Brand Awareness,2024-10-11,2197.0,700,68331,18,1477.51
SPEND-000665,1,Campaign_1,Instagram,Brand Awareness,2024-09-26,1419.25,275,60793,3,487.14
SPEND-000666,19,Campaign_19,Facebook,Brand Awareness,2024-10-19,259.39,644,39217,28,1948.64
SPEND-000667,2,Campaign_2,Twitter,App Install,2024-10-19,3711.19,965,70348,41,7546.46
SPEND-000668,20,Campaign_20,TikTok,App Install,2024-11-16,726.5,814,26871,18,1522.25
SPEND-000669,9,Campaign_9,Twitter,App Install,2024-01-21,2570.43,239,16370,7,904.17
SPEND-000670,6,Campaign_6,Google Ads,Lead Generation,2024-12-31,4292.85,77,23042,3,239.69
SPEND-000671,1,Campaign_1,LinkedIn,Sales,2024-06-17,244.48259137095957,789,28280,9,828.01
SPEND-000672,13,Campaign_13,Twitter,Brand Awareness,2024-05-02,3009.34,14,81240,0,0.0
SPEND-000673,4,Campaign_4,LinkedIn,Lead Generation,2024-03-01,4915.6171281758825,33,1347,1,178.38
SPEND-000674,8,Campaign_8,Google Ads,App Install,2024-12-16,2522.91,769,60866,33,4982.61
SPEND-000675,20,Campaign_20,Facebook,App Install,2024-07-17,143.64,354,97083,7,1388.44
SPEND-000676,16,Campaign_16,LinkedIn,Sales,2024-07-17,1300.22,33,7640,1,172.39
SPEND-000677,8,Campaign_8,Google Ads,Sales,2024-08-10,1121.0525715388426,750,13685,35,6174.84
SPEND-000678,3,Campaign_3,TikTok,Sales,2024-11-05,2820.95,720,49415,14,1752.62
SPEND-000679,5,Campaign_5,Facebook,Sales,2024-04-06,3216.02,22,88127,0,0.0
SPEND-000680,14,Campaign_14,Twitter,Sales,2024-01-16,2287.74,976,50160,32,4466.71
SPEND-000681,13,Campaign_13,Twitter,Brand Awareness,2024-08-14,826.52,107,8034,1,70.69
SPEND-000682,5,Campaign_5,TikTok,App Install,2024-10-03,4560.22,529,91271,8,565.33
SPEND-000683,20,Campaign_20,LinkedIn,App Install,2024-01-01,831.53,154,52259,1,102.0
SPEND-000684,9,Campaign_9,TikTok,App Install,2024-06-15,4533.69,242,62285,10,1037.77
SPEND-000685,10,Campaign_10,Google Ads,Lead Generation,2024-04-23,1787.76,27,60563,0,0.0
SPEND-000686,18,Campaign_18,TikTok,Sales,2024-06-18,625.2,713,16229,19,1147.91
SPEND-000687,12,Campaign_12,Instagram,Lead Generation,2024-01-10,1505.64,127,53111,5,295.62
SPEND-000688,2,Campaign_2,LinkedIn,Brand Awareness,2024-08-06,2101.15,97,8049,1,86.35
SPEND-000689,1,Campaign_1,Facebook,Sales,2024-03-30,1082.47,591,17666,23,4342.04
SPEND-000690,3,Campaign_3,Google Ads,App Install,2024-01-16,3308.83,979,35667,30,3184.18
SPEND-000691,14,Campaign_14,LinkedIn,Brand Awareness,2024-04-24,4783.03,945,96749,46,4083.99
SPEND-000692,10,Campaign_10,TikTok,Brand Awareness,2024-03-31,4479.78,439,58646,21,3734.21
SPEND-000693,4,Campaign_4,Instagram,Lead Generation,2024-02-15,1731.19,384,1897,11,1776.81
SPEND-000694,10,Campaign_10,Twitter,Lead Generation,2024-03-17,1371.42,581,46838,28,1748.91
SPEND-000695,6,Campaign_6,LinkedIn,Brand Awareness,2024-02-21,3772.32,855,17543,24,4629.77
SPEND-000696,17,Campaign_17,Twitter,Lead Generation,2024-08-02,3547.6,967,51780,23,3560.83
SPEND-000697,5,Campaign_5,LinkedIn,App Install,2024-02-09,4786.32,910,82448,25,4991.71
SPEND-000698,17,Campaign_17,LinkedIn,App Install,2024-11-15,2785.9858430394183,859,62221,5,813.41
SPEND-000699,4,Campaign_4,Instagram,Sales,2024-06-04,2552.93,318,64356,15,1032.5
SPEND-000700,7,Campaign_7,LinkedIn,Brand Awareness,2024-01-28,1605.47,909,55955,35,3736.62
SPEND-000701,5,Campaign_5,Facebook,Sales,2024-06-21,3974.09,873,57731,17,2732.55
SPEND-000702,9,Campaign_9,Instagram,Brand Awareness,2024-03-29,184.24,685,53385,25,4253.86
SPEND-000703,4,Campaign_4,Facebook,App Install,2024-12-09,3580.26,802,65626,14,1855.91
SPEND-000704,8,Campaign_8,Facebook,Lead Generation,2024-12-08,2202.27,240,41202,5,690.07
SPEND-000705,3,Campaign_3,Instagram,Brand Awareness,2024-09-21,1458.41,559,56020,6,664.64
SPEND-000706,12,Campaign_12,Facebook,Sales,2024-02-21,4965.52,103,24821,1,181.72
SPEND-000707,3,Campaign_3,TikTok,App Install,2024-04-05,1310.96,131,4841,5,288.22
SPEND-000708,1,Campaign_1,Google Ads,Lead Generation,2024-09-11,1265.635983116326,757,94523,16,3396.21
SPEND-000709,4,Campaign_4,Instagram,Brand Awareness,2024-08-16,7588.397897394034,647,78624,11,4261.29
SPEND-000710,7,Campaign_7,LinkedIn,App Install,2024-08-31,11168.555475830328,119,32549,4,497.83
SPEND-000711,2,Campaign_2,TikTok,Brand Awareness,2024-02-23,4434.67,915,51849,43,7055.61
SPEND-000712,17,Campaign_17,LinkedIn,Sales,2024-02-20,2950.99,875,38341,42,5039.95
SPEND-000713,1,Campaign_1,TikTok,Brand Awareness,2024-03-02,477.5,358,58350,6,777.1
SPEND-000714,16,Campaign_16,Google Ads,Brand Awareness,2024-10-12,2689.57,545,59148,21,2535.77
SPEND-000715,8,Campaign_8,Twitter,App Install,2024-02-27,4732.92,446,14865,4,614.16
SPEND-000716,5,Campaign_5,Google Ads,Brand Awareness,2024-04-13,3416.55,658,78080,32,2806.31
SPEND-000717,18,Campaign_18,Google Ads,Brand Awareness,2024-09-05,1760.36,51,30712,1,112.88
SPEND-000718,6,Campaign_6,LinkedIn,Brand Awareness,2024-10-07,173.13,743,95738,23,3856.1
SPEND-000719,1,Campaign_1,Google Ads,Lead Generation,2024-11-29,1358.78,208,39425,8,561.94
SPEND-000720,6,Campaign_6,Facebook,App Install,2024-07-19,2966.89,626,51390,23,2469.37
SPEND-000721,9,Campaign_9,Twitter,Sales,2024-12-07,5864.071670015483,830,51978,12,3352.71
SPEND-000722,5,Campaign_5,Facebook,Brand Awareness,2024-06-13,369.1,868,16130,22,2084.03
SPEND-000723,1,Campaign_1,Twitter,Sales,2024-01-05,1166.17,57,48707,2,386.5
SPEND-000724,6,Campaign_6,LinkedIn,Sales,2024-04-18,3543.8,125,92073,4,719.42
SPEND-000725,18,Campaign_18,LinkedIn,Brand Awareness,2024-09-14,423.2,20,4091,0,0.0
SPEND-000726,1,Campaign_1,LinkedIn,App Install,2024-04-27,329.57,387,14229,17,1811.5
SPEND-000727,10,Campaign_10,Twitter,Sales,2024-12-31,3991.52,693,31289,30,4265.09
SPEND-000728,18,Campaign_18,Facebook,App Install,2024-02-17,115.39,849,3238,12,1969.9
SPEND-000729,9,Campaign_9,Google Ads,Lead Generation,2024-09-08,2577.27,816,77704,22,4265.22
SPEND-000730,18,Campaign_18,LinkedIn,App Install,2024-06-13,3747.85,150,15570,4,245.82
SPEND-000731,11,Campaign_11,Facebook,Sales,2024-03-09,1247.63,793,49773,25,3150.09
SPEND-000732,5,Campaign_5,Twitter,Brand Awareness,2024-11-23,323.51,841,89007,28,2075.26
SPEND-000733,5,Campaign_5,LinkedIn,App Install,2024-05-29,2232.15,872,97750,43,7127.48
SPEND-000734,15,Campaign_15,Google Ads,App Install,2024-01-19,1854.7,114,58873,1,80.54
SPEND-000735,4,Campaign_4,LinkedIn,App Install,2024-07-15,4046.99,677,99919,19,3785.49
SPEND-000736,2,Campaign_2,Google Ads,Sales,2024-02-20,2484.71,243,41225,7,1165.13
SPEND-000737,3,Campaign_3,LinkedIn,Lead Generation,2024-09-14,4248.71,480,93494,17,1827.47
SPEND-000738,11,Campaign_11,LinkedIn,Sales,2024-07-20,3457.73,161,53799,7,545.23
SPEND-000739,2,Campaign_2,Twitter,Lead Generation,2024-08-01,2200.19,20,18839,0,0.0
SPEND-000740,16,Campaign_16,Facebook,App Install,2024-12-27,1111.98,223,45336,8,1560.27
SPEND-000741,5,Campaign_5,LinkedIn,App Install,2024-11-05,714.36,451,70338,17,2981.53
SPEND-000742,1,Campaign_1,LinkedIn,Lead Generation,2024-09-21,9210.322836051115,412,69592,9,1105.82
SPEND-000743,9,Campaign_9,Facebook,Lead Generation,2024-06-26,3962.21,547,91086,26,3655.54
SPEND-000744,19,Campaign_19,Twitter,Brand Awareness,2024-02-12,4789.27,620,43909,27,3087.71
SPEND-000745,11,Campaign_11,Google Ads,App Install,2024-12-15,3315.56,431,43161,12,1926.14
SPEND-000746,16,Campaign_16,TikTok,Lead Generation,2024-06-22,1786.88,456,21812,20,2760.09
SPEND-000747,17,Campaign_17,LinkedIn,Lead Generation,2024-03-16,4240.88,225,63502,9,1461.93
SPEND-000748,6,Campaign_6,Facebook,App Install,2024-12-27,2115.2498844353854,160,85340,3,263.85
SPEND-000749,14,Campaign_14,Instagram,Sales,2024-03-02,4846.69,443,14973,7,1168.41
SPEND-000750,4,Campaign_4,LinkedIn,Brand Awareness,2024-05-17,4202.03,600,53972,19,1042.29
SPEND-000751,14,Campaign_14,Instagram,Brand Awareness,2024-01-05,1115.92,201,24484,2,154.05
SPEND-000752,4,Campaign_4,LinkedIn,Brand Awareness,2024-04-04,3425.18,517,36210,22,1299.82
SPEND-000753,15,Campaign_15,Twitter,Sales,2024-01-10,4615.8,419,11536,19,2220.1
SPEND-000754,1,Campaign_1,Facebook,Sales,2024-05-29,2958.18,199,28351,5,594.13
SPEND-000755,13,Campaign_13,Instagram,Lead Generation,2024-04-24,4278.78,173,58746,5,836.89
SPEND-000756,18,Campaign_18,Facebook,Brand Awareness,2024-10-03,1189.23,43,74770,1,163.43
SPEND-000757,6,Campaign_6,LinkedIn,Lead Generation,2024-11-11,3669.79,342,73095,4,562.17
SPEND-000758,5,Campaign_5,Twitter,Brand Awareness,2024-12-24,874.22,194,65652,6,378.31
SPEND-000759,13,Campaign_13,Google Ads,App Install,2024-06-27,3295.87,800,40120,26,2974.03
SPEND-000760,14,Campaign_14,Twitter,Lead Generation,2024-07-21,3264.82,474,23497,21,2791.84
SPEND-000761,19,Campaign_19,Twitter,Brand Awareness,2024-05-15,8797.9286701456,610,83129,12,1768.45
SPEND-000762,14,Campaign_14,TikTok,Brand Awareness,2024-09-10,7530.064267956666,432,99767,18,958.59
SPEND-000763,19,Campaign_19,Google Ads,Sales,2024-10-31,327.64,800,25401,10,1057.11
SPEND-000764,8,Campaign_8,Instagram,Lead Generation,2024-01-17,1469.51,596,72069,27,3718.37
SPEND-000765,12,Campaign_12,Google Ads,Sales,2024-05-06,3015.1889740052006,990,1859,18,1658.05
SPEND-000766,12,Campaign_12,Facebook,Brand Awareness,2024-02-28,3129.14,241,96602,11,1018.07
SPEND-000767,8,Campaign_8,Twitter,Lead Generation,2024-10-24,2571.04,837,73664,27,4165.33
SPEND-000768,8,Campaign_8,Google Ads,Brand Awareness,2024-03-24,1543.26,413,33281,19,2637.47
SPEND-000769,12,Campaign_12,Instagram,Sales,2024-10-02,4999.12,135,31210,2,389.78
SPEND-000770,3,Campaign_3,Google Ads,Lead Generation,2024-10-23,381.91,779,44691,26,2520.92
SPEND-000771,2,Campaign_2,Facebook,Sales,2024-03-14,1289.36,421,66065,7,855.18
SPEND-000772,9,Campaign_9,Google Ads,Lead Generation,2024-02-03,4541.43,196,51322,6,1080.27
SPEND-000773,15,Campaign_15,LinkedIn,Lead Generation,2024-11-14,9091.4802318383,610,13817,7,983.96
SPEND-000774,13,Campaign_13,Google Ads,App Install,2024-08-04,4289.36,494,36922,11,1651.84
SPEND-000775,9,Campaign_9,Twitter,Lead Generation,2024-02-22,4496.77,728,19594,8,1144.97
SPEND-000776,1,Campaign_1,Facebook,Lead Generation,2024-10-19,3006.15,769,87487,34,6302.17
SPEND-000777,9,Campaign_9,Facebook,Brand Awareness,2024-04-07,914.46,74,14879,1,84.54
SPEND-000778,11,Campaign_11,Facebook,Brand Awareness,2024-05-18,1128.43,112,19294,3,197.28
SPEND-000779,17,Campaign_17,Twitter,Sales,2024-09-05,4594.89,663,61423,10,1199.21
SPEND-000780,9,Campaign_9,Google Ads,Sales,2024-03-19,4856.66,568,66761,11,1900.75
SPEND-000781,18,Campaign_18,Facebook,Lead Generation,2024-10-29,2202.410482192017,319,1973,9,1592.05
SPEND-000782,7,Campaign_7,Google Ads,Brand Awareness,2024-03-28,2985.67,450,74163,10,1036.95
SPEND-000783,6,Campaign_6,LinkedIn,Sales,2024-08-27,3610.42,306,88230,14,1277.37
SPEND-000784,17,Campaign_17,LinkedIn,App Install,2024-09-26,2698.98,564,97838,9,1496.03
SPEND-000785,5,Campaign_5,Twitter,Lead Generation,2024-03-29,188.15,282,67573,7,481.6
SPEND-000786,12,Campaign_12,LinkedIn,App Install,2024-04-20,4325.09,905,84577,20,2119.7
SPEND-000787,6,Campaign_6,Instagram,App Install,2024-03-22,945.81,18,46922,0,0.0
SPEND-000788,6,Campaign_6,LinkedIn,Brand Awareness,2024-08-16,943.31,203,54895,6,526.76
SPEND-000789,3,Campaign_3,Google Ads,Brand Awareness,2024-03-24,1303.85,99,36851,2,272.02
SPEND-000790,20,Campaign_20,TikTok,Brand Awareness,2024-12-01,2145.78,861,23313,32,1790.84
SPEND-000791,9,Campaign_9,LinkedIn,Brand Awareness,2024-01-27,4818.08,450,48357,7,420.09
SPEND-000792,1,Campaign_1,TikTok,Lead Generation,2024-04-28,3111.16,765,7540,30,4087.14
SPEND-000793,18,Campaign_18,Instagram,App Install,2024-03-31,758.9,866,40043,24,1512.64
SPEND-000794,1,Campaign_1,TikTok,Sales,2024-01-24,2157.37,964,3787,30,3576.32
SPEND-000795,13,Campaign_13,LinkedIn,App Install,2024-07-23,643.4,776,90795,20,3521.63
SPEND-000796,5,Campaign_5,Twitter,Lead Generation,2024-05-24,1170.1,740,69907,35,1804.2
SPEND-000797,15,Campaign_15,Google Ads,Brand Awareness,2024-04-12,1429.75,465,12813,20,2977.1
SPEND-000798,7,Campaign_7,Google Ads,App Install,2024-07-29,661.86,969,85268,40,3553.85
SPEND-000799,10,Campaign_10,Google Ads,Lead Generation,2024-04-12,3605.54,367,51998,7,1207.98
SPEND-000800,15,Campaign_15,Google Ads,Brand Awareness,2024-08-25,2402.35,545,51903,13,2504.49
